"Pathway","chr","pos","ref3_cod","mut3_cod","aachange","ntchange","codonsub","n_samples"
"Oxytocin signaling pathway: CDKN1A","7",55142382,"CTT","CGT","L62R","T185G","CTT>CGT",2
"Oxytocin signaling pathway: CDKN1A","7",55143335,"CAT","CGT","I91V","A271G","ATT>GTT",1
"Oxytocin signaling pathway: CDKN1A","7",55152582,"CGC","CTC","R222L","G665T","CGC>CTC",1
"Oxytocin signaling pathway: CDKN1A","7",55155838,"TGT","TAT","V300M","G898A","GTG>ATG",1
"Oxytocin signaling pathway: CDKN1A","7",55156657,"GGG","GTG","R377S","G1131T","AGG>AGT",1
"Oxytocin signaling pathway: CDKN1A","7",55157751,"AAC","ATC","Q432H","A1296T","CAA>CAT",1
"Oxytocin signaling pathway: CDKN1A","7",55160233,"AGG","AAG","G465R","G1393A","GGA>AGA",1
"Oxytocin signaling pathway: CDKN1A","7",55163734,"TGA","TCA","E545Q","G1633C","GAG>CAG",1
"Oxytocin signaling pathway: CDKN1A","7",55174014,"GGG","GTG","G719C","G2155T","GGC>TGC",1
"Oxytocin signaling pathway: CDKN1A","7",55174015,"GGC","GCC","G719A","G2156C","GGC>GCC",2
"Oxytocin signaling pathway: CDKN1A","7",55174798,"AAA","ATA","K754I","A2261T","AAA>ATA",1
"Oxytocin signaling pathway: CDKN1A","7",55181312,"AGC","ATC","S768I","G2303T","AGC>ATC",3
"Oxytocin signaling pathway: CDKN1A","7",55181314,"CGT","CTT","V769L","G2305T","GTG>TTG",1
"Oxytocin signaling pathway: CDKN1A","7",55181378,"ACG","ATG","T790M","C2369T","ACG>ATG",2
"Oxytocin signaling pathway: CDKN1A","7",55191746,"CTT","CGT","L833V","T2497G","TTG>GTG",1
"Oxytocin signaling pathway: CDKN1A","7",55191748,"TGG","TTG","L833F","G2499T","TTG>TTT",1
"Oxytocin signaling pathway: CDKN1A","7",55191822,"CTG","CGG","L858R","T2573G","CTG>CGG",18
"Oxytocin signaling pathway: CDKN1A","7",55191831,"CTG","CAG","L861Q","T2582A","CTG>CAG",1
"Oxytocin signaling pathway: CDKN1A","7",55198717,"GGG","GTG","G901V","G2702T","GGG>GTG",1
"Oxytocin signaling pathway: CDKN1A","7",55198734,"GTT","GAT","L907M","T2719A","TTG>ATG",1
"Oxytocin signaling pathway: CDKN1A","7",55198778,"GCG","GAG","S921R","C2763A","AGC>AGA",1
"Oxytocin signaling pathway: CDKN1A","7",55201775,"AGA","ATA","R1052I","G3155T","AGA>ATA",1
"Proteoglycans in cancer: MAPK1******","7",55191822,"CTG","CGG","L858R","T2573G","CTG>CGG",1
