"Sample","chr","pos","ref3_cod","mut3_cod","aachange","ntchange","codonsub"
"TCGA-05-4382","7",55152582,"CGC","CTC","R222L","G665T","CGC>CTC"
"TCGA-05-4382","7",55163734,"TGA","TCA","E545Q","G1633C","GAG>CAG"
"TCGA-05-4410","7",55156657,"GGG","GTG","R377S","G1131T","AGG>AGT"
"TCGA-05-5423","7",55191748,"TGG","TTG","L833F","G2499T","TTG>TTT"
"TCGA-05-5423","7",55191831,"CTG","CAG","L861Q","T2582A","CTG>CAG"
"TCGA-38-4627","7",55142382,"CTT","CGT","L62R","T185G","CTT>CGT"
"TCGA-38-4627","7",55191822,"CTG","CGG","L858R","T2573G","CTG>CGG"
"TCGA-38-4629","7",55160233,"AGG","AAG","G465R","G1393A","GGA>AGA"
"TCGA-44-6147","7",55181312,"AGC","ATC","S768I","G2303T","AGC>ATC"
"TCGA-44-6147","7",55181314,"CGT","CTT","V769L","G2305T","GTG>TTG"
"TCGA-44-6147","7",55181312,"AGC","ATC","S768I","G2303T","AGC>ATC"
"TCGA-44-6147","7",55181314,"CGT","CTT","V769L","G2305T","GTG>TTG"
"TCGA-44-6147","7",55181312,"AGC","ATC","S768I","G2303T","AGC>ATC"
"TCGA-44-6147","7",55181314,"CGT","CTT","V769L","G2305T","GTG>TTG"
"TCGA-44-6147","7",55181312,"AGC","ATC","S768I","G2303T","AGC>ATC"
"TCGA-44-6147","7",55181314,"CGT","CTT","V769L","G2305T","GTG>TTG"
"TCGA-44-6147","7",55181312,"AGC","ATC","S768I","G2303T","AGC>ATC"
"TCGA-44-6147","7",55181314,"CGT","CTT","V769L","G2305T","GTG>TTG"
"TCGA-44-A4SU","7",55174014,"GGG","GTG","G719C","G2155T","GGC>TGC"
"TCGA-44-A4SU","7",55181312,"AGC","ATC","S768I","G2303T","AGC>ATC"
"TCGA-49-4490","7",55191822,"CTG","CGG","L858R","T2573G","CTG>CGG"
"TCGA-49-4494","7",55181378,"ACG","ATG","T790M","C2369T","ACG>ATG"
"TCGA-49-4494","7",55191822,"CTG","CGG","L858R","T2573G","CTG>CGG"
"TCGA-50-5944","7",55191822,"CTG","CGG","L858R","T2573G","CTG>CGG"
"TCGA-50-6591","7",55191746,"CTT","CGT","L833V","T2497G","TTG>GTG"
"TCGA-50-6595","7",55174015,"GGC","GCC","G719A","G2156C","GGC>GCC"
"TCGA-50-6595","7",55181312,"AGC","ATC","S768I","G2303T","AGC>ATC"
"TCGA-55-7570","7",55155838,"TGT","TAT","V300M","G898A","GTG>ATG"
"TCGA-55-8096","7",55191822,"CTG","CGG","L858R","T2573G","CTG>CGG"
"TCGA-55-8506","7",55191822,"CTG","CGG","L858R","T2573G","CTG>CGG"
"TCGA-55-A48Z","7",55174015,"GGC","GCC","G719A","G2156C","GGC>GCC"
"TCGA-62-8394","7",55191822,"CTG","CGG","L858R","T2573G","CTG>CGG"
"TCGA-64-1681","7",55191822,"CTG","CGG","L858R","T2573G","CTG>CGG"
"TCGA-67-3770","7",55191822,"CTG","CGG","L858R","T2573G","CTG>CGG"
"TCGA-67-3770","7",55191822,"CTG","CGG","L858R","T2573G","CTG>CGG"
"TCGA-67-6217","7",55191822,"CTG","CGG","L858R","T2573G","CTG>CGG"
"TCGA-71-8520","7",55142382,"CTT","CGT","L62R","T185G","CTT>CGT"
"TCGA-71-8520","7",55191822,"CTG","CGG","L858R","T2573G","CTG>CGG"
"TCGA-78-7147","7",55156784,"TCT","TAT","L387M","C1159A","CTG>ATG"
"TCGA-78-7147","7",55191831,"CTG","CAG","L861Q","T2582A","CTG>CAG"
"TCGA-78-7155","7",55157751,"AAC","ATC","Q432H","A1296T","CAA>CAT"
"TCGA-78-7155","7",55174798,"AAA","ATA","K754I","A2261T","AAA>ATA"
"TCGA-78-7155","7",55198717,"GGG","GTG","G901V","G2702T","GGG>GTG"
"TCGA-78-7158","7",55198734,"GTT","GAT","L907M","T2719A","TTG>ATG"
"TCGA-86-8055","7",55191822,"CTG","CGG","L858R","T2573G","CTG>CGG"
"TCGA-86-8075","7",55191822,"CTG","CGG","L858R","T2573G","CTG>CGG"
"TCGA-86-8668","7",55191822,"CTG","CGG","L858R","T2573G","CTG>CGG"
"TCGA-91-6835","7",55191822,"CTG","CGG","L858R","T2573G","CTG>CGG"
"TCGA-93-A4JP","7",55191831,"CTG","CAG","L861Q","T2582A","CTG>CAG"
"TCGA-93-A4JP","7",55191831,"CTG","CAG","L861Q","T2582A","CTG>CAG"
"TCGA-93-A4JP","7",55191831,"CTG","CAG","L861Q","T2582A","CTG>CAG"
"TCGA-95-7039","7",55198778,"GCG","GAG","S921R","C2763A","AGC>AGA"
"TCGA-95-7947","7",55143335,"CAT","CGT","I91V","A271G","ATT>GTT"
"TCGA-95-7947","7",55201775,"AGA","ATA","R1052I","G3155T","AGA>ATA"
"TCGA-97-8177","7",55191822,"CTG","CGG","L858R","T2573G","CTG>CGG"
"TCGA-97-A4M1","7",55191822,"CTG","CGG","L858R","T2573G","CTG>CGG"
"TCGA-97-A4M7","7",55191822,"CTG","CGG","L858R","T2573G","CTG>CGG"
"TCGA-L9-A50W","7",55181378,"ACG","ATG","T790M","C2369T","ACG>ATG"
"TCGA-L9-A50W","7",55191822,"CTG","CGG","L858R","T2573G","CTG>CGG"
"TCGA-MP-A4SW","7",55191822,"CTG","CGG","L858R","T2573G","CTG>CGG"
"TCGA-MP-A4T9","7",55191822,"CTG","CGG","L858R","T2573G","CTG>CGG"
